1,Иванов,Иван,Иванович,89060000000,20.05.2020,слесарь
2,Иванов,Иван,Иванович,89060000000,20.05.2020,слесарь
3,Иванов,Иван,Иванович,89060000000,20.05.2020,слесарь
4,Иванов,Иван,Иванович,89060000000,20.05.2020,слесарь
5,Иванов,Иван,Иванович,89060000000,20.05.2020,слесарь
6,Иванов,Иван,Иванович,89060000000,20.05.2020,слесарь
7,Иванов,Иван,Иванович,89060000000,20.05.2020,слесарь
8,Иванов,Иван,Иванович,89060000000,20.05.2020,слесарь
9,Иванов,Иван,Иванович,89060000000,20.05.2020,слесарь
10,Иванов,Иван,Иванович,89060000000,20.05.2020,слесарь
2,Иванов,Иван,Иванович,89060000000,20.05.2020,слесарь
3,Иванов,Иван,Иванович,89060000000,20.05.2020,слесарь
4,Иванов,Иван,Иванович,89060000000,20.05.2020,слесарь
5,Иванов,Иван,Иванович,89060000000,20.05.2020,слесарь
6,Иванов,Иван,Иванович,89060000000,20.05.2020,слесарь
7,Иванов,Иван,Иванович,89060000000,20.05.2020,слесарь
